Date,DateID,Año,Trimestre,MesNumero,Month Name,MesNombreES,AñoMes,InicioDeMes,FinDeMes,Semestre,FiscalYear
2013-09-01,20130901,2013,Q3,9,September,Septiembre,2013-09,VERDADERO,FALSO,S2,FY2013
2013-09-02,20130902,2013,Q3,9,September,Septiembre,2013-09,FALSO,FALSO,S2,FY2013
2013-09-03,20130903,2013,Q3,9,September,Septiembre,2013-09,FALSO,FALSO,S2,FY2013
2013-09-04,20130904,2013,Q3,9,September,Septiembre,2013-09,FALSO,FALSO,S2,FY2013
2013-09-05,20130905,2013,Q3,9,September,Septiembre,2013-09,FALSO,FALSO,S2,FY2013
2013-09-06,20130906,2013,Q3,9,September,Septiembre,2013-09,FALSO,FALSO,S2,FY2013
2013-09-07,20130907,2013,Q3,9,September,Septiembre,2013-09,FALSO,FALSO,S2,FY2013
2013-09-08,20130908,2013,Q3,9,September,Septiembre,2013-09,FALSO,FALSO,S2,FY2013
2013-09-09,20130909,2013,Q3,9,September,Septiembre,2013-09,FALSO,FALSO,S2,FY2013
2013-09-10,20130910,2013,Q3,9,September,Septiembre,2013-09,FALSO,FALSO,S2,FY2013
2013-09-11,20130911,2013,Q3,9,September,Septiembre,2013-09,FALSO,FALSO,S2,FY2013
2013-09-12,20130912,2013,Q3,9,September,Septiembre,2013-09,FALSO,FALSO,S2,FY2013
2013-09-13,20130913,2013,Q3,9,September,Septiembre,2013-09,FALSO,FALSO,S2,FY2013
2013-09-14,20130914,2013,Q3,9,September,Septiembre,2013-09,FALSO,FALSO,S2,FY2013
2013-09-15,20130915,2013,Q3,9,September,Septiembre,2013-09,FALSO,FALSO,S2,FY2013
2013-09-16,20130916,2013,Q3,9,September,Septiembre,2013-09,FALSO,FALSO,S2,FY2013
2013-09-17,20130917,2013,Q3,9,September,Septiembre,2013-09,FALSO,FALSO,S2,FY2013
2013-09-18,20130918,2013,Q3,9,September,Septiembre,2013-09,FALSO,FALSO,S2,FY2013
2013-09-19,20130919,2013,Q3,9,September,Septiembre,2013-09,FALSO,FALSO,S2,FY2013
2013-09-20,20130920,2013,Q3,9,September,Septiembre,2013-09,FALSO,FALSO,S2,FY2013
2013-09-21,20130921,2013,Q3,9,September,Septiembre,2013-09,FALSO,FALSO,S2,FY2013
2013-09-22,20130922,2013,Q3,9,September,Septiembre,2013-09,FALSO,FALSO,S2,FY2013
2013-09-23,20130923,2013,Q3,9,September,Septiembre,2013-09,FALSO,FALSO,S2,FY2013
2013-09-24,20130924,2013,Q3,9,September,Septiembre,2013-09,FALSO,FALSO,S2,FY2013
2013-09-25,20130925,2013,Q3,9,September,Septiembre,2013-09,FALSO,FALSO,S2,FY2013
2013-09-26,20130926,2013,Q3,9,September,Septiembre,2013-09,FALSO,FALSO,S2,FY2013
2013-09-27,20130927,2013,Q3,9,September,Septiembre,2013-09,FALSO,FALSO,S2,FY2013
2013-09-28,20130928,2013,Q3,9,September,Septiembre,2013-09,FALSO,FALSO,S2,FY2013
2013-09-29,20130929,2013,Q3,9,September,Septiembre,2013-09,FALSO,FALSO,S2,FY2013
2013-09-30,20130930,2013,Q3,9,September,Septiembre,2013-09,FALSO,VERDADERO,S2,FY2013
2013-10-01,20131001,2013,Q4,10,October,Octubre,2013-10,VERDADERO,FALSO,S2,FY2013
2013-10-02,20131002,2013,Q4,10,October,Octubre,2013-10,FALSO,FALSO,S2,FY2013
2013-10-03,20131003,2013,Q4,10,October,Octubre,2013-10,FALSO,FALSO,S2,FY2013
2013-10-04,20131004,2013,Q4,10,October,Octubre,2013-10,FALSO,FALSO,S2,FY2013
2013-10-05,20131005,2013,Q4,10,October,Octubre,2013-10,FALSO,FALSO,S2,FY2013
2013-10-06,20131006,2013,Q4,10,October,Octubre,2013-10,FALSO,FALSO,S2,FY2013
2013-10-07,20131007,2013,Q4,10,October,Octubre,2013-10,FALSO,FALSO,S2,FY2013
2013-10-08,20131008,2013,Q4,10,October,Octubre,2013-10,FALSO,FALSO,S2,FY2013
2013-10-09,20131009,2013,Q4,10,October,Octubre,2013-10,FALSO,FALSO,S2,FY2013
2013-10-10,20131010,2013,Q4,10,October,Octubre,2013-10,FALSO,FALSO,S2,FY2013
2013-10-11,20131011,2013,Q4,10,October,Octubre,2013-10,FALSO,FALSO,S2,FY2013
2013-10-12,20131012,2013,Q4,10,October,Octubre,2013-10,FALSO,FALSO,S2,FY2013
2013-10-13,20131013,2013,Q4,10,October,Octubre,2013-10,FALSO,FALSO,S2,FY2013
2013-10-14,20131014,2013,Q4,10,October,Octubre,2013-10,FALSO,FALSO,S2,FY2013
2013-10-15,20131015,2013,Q4,10,October,Octubre,2013-10,FALSO,FALSO,S2,FY2013
2013-10-16,20131016,2013,Q4,10,October,Octubre,2013-10,FALSO,FALSO,S2,FY2013
2013-10-17,20131017,2013,Q4,10,October,Octubre,2013-10,FALSO,FALSO,S2,FY2013
2013-10-18,20131018,2013,Q4,10,October,Octubre,2013-10,FALSO,FALSO,S2,FY2013
2013-10-19,20131019,2013,Q4,10,October,Octubre,2013-10,FALSO,FALSO,S2,FY2013
2013-10-20,20131020,2013,Q4,10,October,Octubre,2013-10,FALSO,FALSO,S2,FY2013
2013-10-21,20131021,2013,Q4,10,October,Octubre,2013-10,FALSO,FALSO,S2,FY2013
2013-10-22,20131022,2013,Q4,10,October,Octubre,2013-10,FALSO,FALSO,S2,FY2013
2013-10-23,20131023,2013,Q4,10,October,Octubre,2013-10,FALSO,FALSO,S2,FY2013
2013-10-24,20131024,2013,Q4,10,October,Octubre,2013-10,FALSO,FALSO,S2,FY2013
2013-10-25,20131025,2013,Q4,10,October,Octubre,2013-10,FALSO,FALSO,S2,FY2013
2013-10-26,20131026,2013,Q4,10,October,Octubre,2013-10,FALSO,FALSO,S2,FY2013
2013-10-27,20131027,2013,Q4,10,October,Octubre,2013-10,FALSO,FALSO,S2,FY2013
2013-10-28,20131028,2013,Q4,10,October,Octubre,2013-10,FALSO,FALSO,S2,FY2013
2013-10-29,20131029,2013,Q4,10,October,Octubre,2013-10,FALSO,FALSO,S2,FY2013
2013-10-30,20131030,2013,Q4,10,October,Octubre,2013-10,FALSO,FALSO,S2,FY2013
2013-10-31,20131031,2013,Q4,10,October,Octubre,2013-10,FALSO,VERDADERO,S2,FY2013
2013-11-01,20131101,2013,Q4,11,November,Noviembre,2013-11,VERDADERO,FALSO,S2,FY2013
2013-11-02,20131102,2013,Q4,11,November,Noviembre,2013-11,FALSO,FALSO,S2,FY2013
2013-11-03,20131103,2013,Q4,11,November,Noviembre,2013-11,FALSO,FALSO,S2,FY2013
2013-11-04,20131104,2013,Q4,11,November,Noviembre,2013-11,FALSO,FALSO,S2,FY2013
2013-11-05,20131105,2013,Q4,11,November,Noviembre,2013-11,FALSO,FALSO,S2,FY2013
2013-11-06,20131106,2013,Q4,11,November,Noviembre,2013-11,FALSO,FALSO,S2,FY2013
2013-11-07,20131107,2013,Q4,11,November,Noviembre,2013-11,FALSO,FALSO,S2,FY2013
2013-11-08,20131108,2013,Q4,11,November,Noviembre,2013-11,FALSO,FALSO,S2,FY2013
2013-11-09,20131109,2013,Q4,11,November,Noviembre,2013-11,FALSO,FALSO,S2,FY2013
2013-11-10,20131110,2013,Q4,11,November,Noviembre,2013-11,FALSO,FALSO,S2,FY2013
2013-11-11,20131111,2013,Q4,11,November,Noviembre,2013-11,FALSO,FALSO,S2,FY2013
2013-11-12,20131112,2013,Q4,11,November,Noviembre,2013-11,FALSO,FALSO,S2,FY2013
2013-11-13,20131113,2013,Q4,11,November,Noviembre,2013-11,FALSO,FALSO,S2,FY2013
2013-11-14,20131114,2013,Q4,11,November,Noviembre,2013-11,FALSO,FALSO,S2,FY2013
2013-11-15,20131115,2013,Q4,11,November,Noviembre,2013-11,FALSO,FALSO,S2,FY2013
2013-11-16,20131116,2013,Q4,11,November,Noviembre,2013-11,FALSO,FALSO,S2,FY2013
2013-11-17,20131117,2013,Q4,11,November,Noviembre,2013-11,FALSO,FALSO,S2,FY2013
2013-11-18,20131118,2013,Q4,11,November,Noviembre,2013-11,FALSO,FALSO,S2,FY2013
2013-11-19,20131119,2013,Q4,11,November,Noviembre,2013-11,FALSO,FALSO,S2,FY2013
2013-11-20,20131120,2013,Q4,11,November,Noviembre,2013-11,FALSO,FALSO,S2,FY2013
2013-11-21,20131121,2013,Q4,11,November,Noviembre,2013-11,FALSO,FALSO,S2,FY2013
2013-11-22,20131122,2013,Q4,11,November,Noviembre,2013-11,FALSO,FALSO,S2,FY2013
2013-11-23,20131123,2013,Q4,11,November,Noviembre,2013-11,FALSO,FALSO,S2,FY2013
2013-11-24,20131124,2013,Q4,11,November,Noviembre,2013-11,FALSO,FALSO,S2,FY2013
2013-11-25,20131125,2013,Q4,11,November,Noviembre,2013-11,FALSO,FALSO,S2,FY2013
2013-11-26,20131126,2013,Q4,11,November,Noviembre,2013-11,FALSO,FALSO,S2,FY2013
2013-11-27,20131127,2013,Q4,11,November,Noviembre,2013-11,FALSO,FALSO,S2,FY2013
2013-11-28,20131128,2013,Q4,11,November,Noviembre,2013-11,FALSO,FALSO,S2,FY2013
2013-11-29,20131129,2013,Q4,11,November,Noviembre,2013-11,FALSO,FALSO,S2,FY2013
2013-11-30,20131130,2013,Q4,11,November,Noviembre,2013-11,FALSO,VERDADERO,S2,FY2013
2013-12-01,20131201,2013,Q4,12,December,Diciembre,2013-12,VERDADERO,FALSO,S2,FY2013
2013-12-02,20131202,2013,Q4,12,December,Diciembre,2013-12,FALSO,FALSO,S2,FY2013
2013-12-03,20131203,2013,Q4,12,December,Diciembre,2013-12,FALSO,FALSO,S2,FY2013
2013-12-04,20131204,2013,Q4,12,December,Diciembre,2013-12,FALSO,FALSO,S2,FY2013
2013-12-05,20131205,2013,Q4,12,December,Diciembre,2013-12,FALSO,FALSO,S2,FY2013
2013-12-06,20131206,2013,Q4,12,December,Diciembre,2013-12,FALSO,FALSO,S2,FY2013
2013-12-07,20131207,2013,Q4,12,December,Diciembre,2013-12,FALSO,FALSO,S2,FY2013
2013-12-08,20131208,2013,Q4,12,December,Diciembre,2013-12,FALSO,FALSO,S2,FY2013
2013-12-09,20131209,2013,Q4,12,December,Diciembre,2013-12,FALSO,FALSO,S2,FY2013
2013-12-10,20131210,2013,Q4,12,December,Diciembre,2013-12,FALSO,FALSO,S2,FY2013
2013-12-11,20131211,2013,Q4,12,December,Diciembre,2013-12,FALSO,FALSO,S2,FY2013
2013-12-12,20131212,2013,Q4,12,December,Diciembre,2013-12,FALSO,FALSO,S2,FY2013
2013-12-13,20131213,2013,Q4,12,December,Diciembre,2013-12,FALSO,FALSO,S2,FY2013
2013-12-14,20131214,2013,Q4,12,December,Diciembre,2013-12,FALSO,FALSO,S2,FY2013
2013-12-15,20131215,2013,Q4,12,December,Diciembre,2013-12,FALSO,FALSO,S2,FY2013
2013-12-16,20131216,2013,Q4,12,December,Diciembre,2013-12,FALSO,FALSO,S2,FY2013
2013-12-17,20131217,2013,Q4,12,December,Diciembre,2013-12,FALSO,FALSO,S2,FY2013
2013-12-18,20131218,2013,Q4,12,December,Diciembre,2013-12,FALSO,FALSO,S2,FY2013
2013-12-19,20131219,2013,Q4,12,December,Diciembre,2013-12,FALSO,FALSO,S2,FY2013
2013-12-20,20131220,2013,Q4,12,December,Diciembre,2013-12,FALSO,FALSO,S2,FY2013
2013-12-21,20131221,2013,Q4,12,December,Diciembre,2013-12,FALSO,FALSO,S2,FY2013
2013-12-22,20131222,2013,Q4,12,December,Diciembre,2013-12,FALSO,FALSO,S2,FY2013
2013-12-23,20131223,2013,Q4,12,December,Diciembre,2013-12,FALSO,FALSO,S2,FY2013
2013-12-24,20131224,2013,Q4,12,December,Diciembre,2013-12,FALSO,FALSO,S2,FY2013
2013-12-25,20131225,2013,Q4,12,December,Diciembre,2013-12,FALSO,FALSO,S2,FY2013
2013-12-26,20131226,2013,Q4,12,December,Diciembre,2013-12,FALSO,FALSO,S2,FY2013
2013-12-27,20131227,2013,Q4,12,December,Diciembre,2013-12,FALSO,FALSO,S2,FY2013
2013-12-28,20131228,2013,Q4,12,December,Diciembre,2013-12,FALSO,FALSO,S2,FY2013
2013-12-29,20131229,2013,Q4,12,December,Diciembre,2013-12,FALSO,FALSO,S2,FY2013
2013-12-30,20131230,2013,Q4,12,December,Diciembre,2013-12,FALSO,FALSO,S2,FY2013
2013-12-31,20131231,2013,Q4,12,December,Diciembre,2013-12,FALSO,VERDADERO,S2,FY2013
2014-01-01,20140101,2014,Q1,1,January,Enero,2014-01,VERDADERO,FALSO,S1,FY2014
2014-01-02,20140102,2014,Q1,1,January,Enero,2014-01,FALSO,FALSO,S1,FY2014
2014-01-03,20140103,2014,Q1,1,January,Enero,2014-01,FALSO,FALSO,S1,FY2014
2014-01-04,20140104,2014,Q1,1,January,Enero,2014-01,FALSO,FALSO,S1,FY2014
2014-01-05,20140105,2014,Q1,1,January,Enero,2014-01,FALSO,FALSO,S1,FY2014
2014-01-06,20140106,2014,Q1,1,January,Enero,2014-01,FALSO,FALSO,S1,FY2014
2014-01-07,20140107,2014,Q1,1,January,Enero,2014-01,FALSO,FALSO,S1,FY2014
2014-01-08,20140108,2014,Q1,1,January,Enero,2014-01,FALSO,FALSO,S1,FY2014
2014-01-09,20140109,2014,Q1,1,January,Enero,2014-01,FALSO,FALSO,S1,FY2014
2014-01-10,20140110,2014,Q1,1,January,Enero,2014-01,FALSO,FALSO,S1,FY2014
2014-01-11,20140111,2014,Q1,1,January,Enero,2014-01,FALSO,FALSO,S1,FY2014
2014-01-12,20140112,2014,Q1,1,January,Enero,2014-01,FALSO,FALSO,S1,FY2014
2014-01-13,20140113,2014,Q1,1,January,Enero,2014-01,FALSO,FALSO,S1,FY2014
2014-01-14,20140114,2014,Q1,1,January,Enero,2014-01,FALSO,FALSO,S1,FY2014
2014-01-15,20140115,2014,Q1,1,January,Enero,2014-01,FALSO,FALSO,S1,FY2014
2014-01-16,20140116,2014,Q1,1,January,Enero,2014-01,FALSO,FALSO,S1,FY2014
2014-01-17,20140117,2014,Q1,1,January,Enero,2014-01,FALSO,FALSO,S1,FY2014
2014-01-18,20140118,2014,Q1,1,January,Enero,2014-01,FALSO,FALSO,S1,FY2014
2014-01-19,20140119,2014,Q1,1,January,Enero,2014-01,FALSO,FALSO,S1,FY2014
2014-01-20,20140120,2014,Q1,1,January,Enero,2014-01,FALSO,FALSO,S1,FY2014
2014-01-21,20140121,2014,Q1,1,January,Enero,2014-01,FALSO,FALSO,S1,FY2014
2014-01-22,20140122,2014,Q1,1,January,Enero,2014-01,FALSO,FALSO,S1,FY2014
2014-01-23,20140123,2014,Q1,1,January,Enero,2014-01,FALSO,FALSO,S1,FY2014
2014-01-24,20140124,2014,Q1,1,January,Enero,2014-01,FALSO,FALSO,S1,FY2014
2014-01-25,20140125,2014,Q1,1,January,Enero,2014-01,FALSO,FALSO,S1,FY2014
2014-01-26,20140126,2014,Q1,1,January,Enero,2014-01,FALSO,FALSO,S1,FY2014
2014-01-27,20140127,2014,Q1,1,January,Enero,2014-01,FALSO,FALSO,S1,FY2014
2014-01-28,20140128,2014,Q1,1,January,Enero,2014-01,FALSO,FALSO,S1,FY2014
2014-01-29,20140129,2014,Q1,1,January,Enero,2014-01,FALSO,FALSO,S1,FY2014
2014-01-30,20140130,2014,Q1,1,January,Enero,2014-01,FALSO,FALSO,S1,FY2014
2014-01-31,20140131,2014,Q1,1,January,Enero,2014-01,FALSO,VERDADERO,S1,FY2014
2014-02-01,20140201,2014,Q1,2,February,Febrero,2014-02,VERDADERO,FALSO,S1,FY2014
2014-02-02,20140202,2014,Q1,2,February,Febrero,2014-02,FALSO,FALSO,S1,FY2014
2014-02-03,20140203,2014,Q1,2,February,Febrero,2014-02,FALSO,FALSO,S1,FY2014
2014-02-04,20140204,2014,Q1,2,February,Febrero,2014-02,FALSO,FALSO,S1,FY2014
2014-02-05,20140205,2014,Q1,2,February,Febrero,2014-02,FALSO,FALSO,S1,FY2014
2014-02-06,20140206,2014,Q1,2,February,Febrero,2014-02,FALSO,FALSO,S1,FY2014
2014-02-07,20140207,2014,Q1,2,February,Febrero,2014-02,FALSO,FALSO,S1,FY2014
2014-02-08,20140208,2014,Q1,2,February,Febrero,2014-02,FALSO,FALSO,S1,FY2014
2014-02-09,20140209,2014,Q1,2,February,Febrero,2014-02,FALSO,FALSO,S1,FY2014
2014-02-10,20140210,2014,Q1,2,February,Febrero,2014-02,FALSO,FALSO,S1,FY2014
2014-02-11,20140211,2014,Q1,2,February,Febrero,2014-02,FALSO,FALSO,S1,FY2014
2014-02-12,20140212,2014,Q1,2,February,Febrero,2014-02,FALSO,FALSO,S1,FY2014
2014-02-13,20140213,2014,Q1,2,February,Febrero,2014-02,FALSO,FALSO,S1,FY2014
2014-02-14,20140214,2014,Q1,2,February,Febrero,2014-02,FALSO,FALSO,S1,FY2014
2014-02-15,20140215,2014,Q1,2,February,Febrero,2014-02,FALSO,FALSO,S1,FY2014
2014-02-16,20140216,2014,Q1,2,February,Febrero,2014-02,FALSO,FALSO,S1,FY2014
2014-02-17,20140217,2014,Q1,2,February,Febrero,2014-02,FALSO,FALSO,S1,FY2014
2014-02-18,20140218,2014,Q1,2,February,Febrero,2014-02,FALSO,FALSO,S1,FY2014
2014-02-19,20140219,2014,Q1,2,February,Febrero,2014-02,FALSO,FALSO,S1,FY2014
2014-02-20,20140220,2014,Q1,2,February,Febrero,2014-02,FALSO,FALSO,S1,FY2014
2014-02-21,20140221,2014,Q1,2,February,Febrero,2014-02,FALSO,FALSO,S1,FY2014
2014-02-22,20140222,2014,Q1,2,February,Febrero,2014-02,FALSO,FALSO,S1,FY2014
2014-02-23,20140223,2014,Q1,2,February,Febrero,2014-02,FALSO,FALSO,S1,FY2014
2014-02-24,20140224,2014,Q1,2,February,Febrero,2014-02,FALSO,FALSO,S1,FY2014
2014-02-25,20140225,2014,Q1,2,February,Febrero,2014-02,FALSO,FALSO,S1,FY2014
2014-02-26,20140226,2014,Q1,2,February,Febrero,2014-02,FALSO,FALSO,S1,FY2014
2014-02-27,20140227,2014,Q1,2,February,Febrero,2014-02,FALSO,FALSO,S1,FY2014
2014-02-28,20140228,2014,Q1,2,February,Febrero,2014-02,FALSO,VERDADERO,S1,FY2014
2014-03-01,20140301,2014,Q1,3,March,Marzo,2014-03,VERDADERO,FALSO,S1,FY2014
2014-03-02,20140302,2014,Q1,3,March,Marzo,2014-03,FALSO,FALSO,S1,FY2014
2014-03-03,20140303,2014,Q1,3,March,Marzo,2014-03,FALSO,FALSO,S1,FY2014
2014-03-04,20140304,2014,Q1,3,March,Marzo,2014-03,FALSO,FALSO,S1,FY2014
2014-03-05,20140305,2014,Q1,3,March,Marzo,2014-03,FALSO,FALSO,S1,FY2014
2014-03-06,20140306,2014,Q1,3,March,Marzo,2014-03,FALSO,FALSO,S1,FY2014
2014-03-07,20140307,2014,Q1,3,March,Marzo,2014-03,FALSO,FALSO,S1,FY2014
2014-03-08,20140308,2014,Q1,3,March,Marzo,2014-03,FALSO,FALSO,S1,FY2014
2014-03-09,20140309,2014,Q1,3,March,Marzo,2014-03,FALSO,FALSO,S1,FY2014
2014-03-10,20140310,2014,Q1,3,March,Marzo,2014-03,FALSO,FALSO,S1,FY2014
2014-03-11,20140311,2014,Q1,3,March,Marzo,2014-03,FALSO,FALSO,S1,FY2014
2014-03-12,20140312,2014,Q1,3,March,Marzo,2014-03,FALSO,FALSO,S1,FY2014
2014-03-13,20140313,2014,Q1,3,March,Marzo,2014-03,FALSO,FALSO,S1,FY2014
2014-03-14,20140314,2014,Q1,3,March,Marzo,2014-03,FALSO,FALSO,S1,FY2014
2014-03-15,20140315,2014,Q1,3,March,Marzo,2014-03,FALSO,FALSO,S1,FY2014
2014-03-16,20140316,2014,Q1,3,March,Marzo,2014-03,FALSO,FALSO,S1,FY2014
2014-03-17,20140317,2014,Q1,3,March,Marzo,2014-03,FALSO,FALSO,S1,FY2014
2014-03-18,20140318,2014,Q1,3,March,Marzo,2014-03,FALSO,FALSO,S1,FY2014
2014-03-19,20140319,2014,Q1,3,March,Marzo,2014-03,FALSO,FALSO,S1,FY2014
2014-03-20,20140320,2014,Q1,3,March,Marzo,2014-03,FALSO,FALSO,S1,FY2014
2014-03-21,20140321,2014,Q1,3,March,Marzo,2014-03,FALSO,FALSO,S1,FY2014
2014-03-22,20140322,2014,Q1,3,March,Marzo,2014-03,FALSO,FALSO,S1,FY2014
2014-03-23,20140323,2014,Q1,3,March,Marzo,2014-03,FALSO,FALSO,S1,FY2014
2014-03-24,20140324,2014,Q1,3,March,Marzo,2014-03,FALSO,FALSO,S1,FY2014
2014-03-25,20140325,2014,Q1,3,March,Marzo,2014-03,FALSO,FALSO,S1,FY2014
2014-03-26,20140326,2014,Q1,3,March,Marzo,2014-03,FALSO,FALSO,S1,FY2014
2014-03-27,20140327,2014,Q1,3,March,Marzo,2014-03,FALSO,FALSO,S1,FY2014
2014-03-28,20140328,2014,Q1,3,March,Marzo,2014-03,FALSO,FALSO,S1,FY2014
2014-03-29,20140329,2014,Q1,3,March,Marzo,2014-03,FALSO,FALSO,S1,FY2014
2014-03-30,20140330,2014,Q1,3,March,Marzo,2014-03,FALSO,FALSO,S1,FY2014
2014-03-31,20140331,2014,Q1,3,March,Marzo,2014-03,FALSO,VERDADERO,S1,FY2014
2014-04-01,20140401,2014,Q2,4,April,Abril,2014-04,VERDADERO,FALSO,S1,FY2014
2014-04-02,20140402,2014,Q2,4,April,Abril,2014-04,FALSO,FALSO,S1,FY2014
2014-04-03,20140403,2014,Q2,4,April,Abril,2014-04,FALSO,FALSO,S1,FY2014
2014-04-04,20140404,2014,Q2,4,April,Abril,2014-04,FALSO,FALSO,S1,FY2014
2014-04-05,20140405,2014,Q2,4,April,Abril,2014-04,FALSO,FALSO,S1,FY2014
2014-04-06,20140406,2014,Q2,4,April,Abril,2014-04,FALSO,FALSO,S1,FY2014
2014-04-07,20140407,2014,Q2,4,April,Abril,2014-04,FALSO,FALSO,S1,FY2014
2014-04-08,20140408,2014,Q2,4,April,Abril,2014-04,FALSO,FALSO,S1,FY2014
2014-04-09,20140409,2014,Q2,4,April,Abril,2014-04,FALSO,FALSO,S1,FY2014
2014-04-10,20140410,2014,Q2,4,April,Abril,2014-04,FALSO,FALSO,S1,FY2014
2014-04-11,20140411,2014,Q2,4,April,Abril,2014-04,FALSO,FALSO,S1,FY2014
2014-04-12,20140412,2014,Q2,4,April,Abril,2014-04,FALSO,FALSO,S1,FY2014
2014-04-13,20140413,2014,Q2,4,April,Abril,2014-04,FALSO,FALSO,S1,FY2014
2014-04-14,20140414,2014,Q2,4,April,Abril,2014-04,FALSO,FALSO,S1,FY2014
2014-04-15,20140415,2014,Q2,4,April,Abril,2014-04,FALSO,FALSO,S1,FY2014
2014-04-16,20140416,2014,Q2,4,April,Abril,2014-04,FALSO,FALSO,S1,FY2014
2014-04-17,20140417,2014,Q2,4,April,Abril,2014-04,FALSO,FALSO,S1,FY2014
2014-04-18,20140418,2014,Q2,4,April,Abril,2014-04,FALSO,FALSO,S1,FY2014
2014-04-19,20140419,2014,Q2,4,April,Abril,2014-04,FALSO,FALSO,S1,FY2014
2014-04-20,20140420,2014,Q2,4,April,Abril,2014-04,FALSO,FALSO,S1,FY2014
2014-04-21,20140421,2014,Q2,4,April,Abril,2014-04,FALSO,FALSO,S1,FY2014
2014-04-22,20140422,2014,Q2,4,April,Abril,2014-04,FALSO,FALSO,S1,FY2014
2014-04-23,20140423,2014,Q2,4,April,Abril,2014-04,FALSO,FALSO,S1,FY2014
2014-04-24,20140424,2014,Q2,4,April,Abril,2014-04,FALSO,FALSO,S1,FY2014
2014-04-25,20140425,2014,Q2,4,April,Abril,2014-04,FALSO,FALSO,S1,FY2014
2014-04-26,20140426,2014,Q2,4,April,Abril,2014-04,FALSO,FALSO,S1,FY2014
2014-04-27,20140427,2014,Q2,4,April,Abril,2014-04,FALSO,FALSO,S1,FY2014
2014-04-28,20140428,2014,Q2,4,April,Abril,2014-04,FALSO,FALSO,S1,FY2014
2014-04-29,20140429,2014,Q2,4,April,Abril,2014-04,FALSO,FALSO,S1,FY2014
2014-04-30,20140430,2014,Q2,4,April,Abril,2014-04,FALSO,VERDADERO,S1,FY2014
2014-05-01,20140501,2014,Q2,5,May,Mayo,2014-05,VERDADERO,FALSO,S1,FY2014
2014-05-02,20140502,2014,Q2,5,May,Mayo,2014-05,FALSO,FALSO,S1,FY2014
2014-05-03,20140503,2014,Q2,5,May,Mayo,2014-05,FALSO,FALSO,S1,FY2014
2014-05-04,20140504,2014,Q2,5,May,Mayo,2014-05,FALSO,FALSO,S1,FY2014
2014-05-05,20140505,2014,Q2,5,May,Mayo,2014-05,FALSO,FALSO,S1,FY2014
2014-05-06,20140506,2014,Q2,5,May,Mayo,2014-05,FALSO,FALSO,S1,FY2014
2014-05-07,20140507,2014,Q2,5,May,Mayo,2014-05,FALSO,FALSO,S1,FY2014
2014-05-08,20140508,2014,Q2,5,May,Mayo,2014-05,FALSO,FALSO,S1,FY2014
2014-05-09,20140509,2014,Q2,5,May,Mayo,2014-05,FALSO,FALSO,S1,FY2014
2014-05-10,20140510,2014,Q2,5,May,Mayo,2014-05,FALSO,FALSO,S1,FY2014
2014-05-11,20140511,2014,Q2,5,May,Mayo,2014-05,FALSO,FALSO,S1,FY2014
2014-05-12,20140512,2014,Q2,5,May,Mayo,2014-05,FALSO,FALSO,S1,FY2014
2014-05-13,20140513,2014,Q2,5,May,Mayo,2014-05,FALSO,FALSO,S1,FY2014
2014-05-14,20140514,2014,Q2,5,May,Mayo,2014-05,FALSO,FALSO,S1,FY2014
2014-05-15,20140515,2014,Q2,5,May,Mayo,2014-05,FALSO,FALSO,S1,FY2014
2014-05-16,20140516,2014,Q2,5,May,Mayo,2014-05,FALSO,FALSO,S1,FY2014
2014-05-17,20140517,2014,Q2,5,May,Mayo,2014-05,FALSO,FALSO,S1,FY2014
2014-05-18,20140518,2014,Q2,5,May,Mayo,2014-05,FALSO,FALSO,S1,FY2014
2014-05-19,20140519,2014,Q2,5,May,Mayo,2014-05,FALSO,FALSO,S1,FY2014
2014-05-20,20140520,2014,Q2,5,May,Mayo,2014-05,FALSO,FALSO,S1,FY2014
2014-05-21,20140521,2014,Q2,5,May,Mayo,2014-05,FALSO,FALSO,S1,FY2014
2014-05-22,20140522,2014,Q2,5,May,Mayo,2014-05,FALSO,FALSO,S1,FY2014
2014-05-23,20140523,2014,Q2,5,May,Mayo,2014-05,FALSO,FALSO,S1,FY2014
2014-05-24,20140524,2014,Q2,5,May,Mayo,2014-05,FALSO,FALSO,S1,FY2014
2014-05-25,20140525,2014,Q2,5,May,Mayo,2014-05,FALSO,FALSO,S1,FY2014
2014-05-26,20140526,2014,Q2,5,May,Mayo,2014-05,FALSO,FALSO,S1,FY2014
2014-05-27,20140527,2014,Q2,5,May,Mayo,2014-05,FALSO,FALSO,S1,FY2014
2014-05-28,20140528,2014,Q2,5,May,Mayo,2014-05,FALSO,FALSO,S1,FY2014
2014-05-29,20140529,2014,Q2,5,May,Mayo,2014-05,FALSO,FALSO,S1,FY2014
2014-05-30,20140530,2014,Q2,5,May,Mayo,2014-05,FALSO,FALSO,S1,FY2014
2014-05-31,20140531,2014,Q2,5,May,Mayo,2014-05,FALSO,VERDADERO,S1,FY2014
2014-06-01,20140601,2014,Q2,6,June,Junio,2014-06,VERDADERO,FALSO,S1,FY2014
2014-06-02,20140602,2014,Q2,6,June,Junio,2014-06,FALSO,FALSO,S1,FY2014
2014-06-03,20140603,2014,Q2,6,June,Junio,2014-06,FALSO,FALSO,S1,FY2014
2014-06-04,20140604,2014,Q2,6,June,Junio,2014-06,FALSO,FALSO,S1,FY2014
2014-06-05,20140605,2014,Q2,6,June,Junio,2014-06,FALSO,FALSO,S1,FY2014
2014-06-06,20140606,2014,Q2,6,June,Junio,2014-06,FALSO,FALSO,S1,FY2014
2014-06-07,20140607,2014,Q2,6,June,Junio,2014-06,FALSO,FALSO,S1,FY2014
2014-06-08,20140608,2014,Q2,6,June,Junio,2014-06,FALSO,FALSO,S1,FY2014
2014-06-09,20140609,2014,Q2,6,June,Junio,2014-06,FALSO,FALSO,S1,FY2014
2014-06-10,20140610,2014,Q2,6,June,Junio,2014-06,FALSO,FALSO,S1,FY2014
2014-06-11,20140611,2014,Q2,6,June,Junio,2014-06,FALSO,FALSO,S1,FY2014
2014-06-12,20140612,2014,Q2,6,June,Junio,2014-06,FALSO,FALSO,S1,FY2014
2014-06-13,20140613,2014,Q2,6,June,Junio,2014-06,FALSO,FALSO,S1,FY2014
2014-06-14,20140614,2014,Q2,6,June,Junio,2014-06,FALSO,FALSO,S1,FY2014
2014-06-15,20140615,2014,Q2,6,June,Junio,2014-06,FALSO,FALSO,S1,FY2014
2014-06-16,20140616,2014,Q2,6,June,Junio,2014-06,FALSO,FALSO,S1,FY2014
2014-06-17,20140617,2014,Q2,6,June,Junio,2014-06,FALSO,FALSO,S1,FY2014
2014-06-18,20140618,2014,Q2,6,June,Junio,2014-06,FALSO,FALSO,S1,FY2014
2014-06-19,20140619,2014,Q2,6,June,Junio,2014-06,FALSO,FALSO,S1,FY2014
2014-06-20,20140620,2014,Q2,6,June,Junio,2014-06,FALSO,FALSO,S1,FY2014
2014-06-21,20140621,2014,Q2,6,June,Junio,2014-06,FALSO,FALSO,S1,FY2014
2014-06-22,20140622,2014,Q2,6,June,Junio,2014-06,FALSO,FALSO,S1,FY2014
2014-06-23,20140623,2014,Q2,6,June,Junio,2014-06,FALSO,FALSO,S1,FY2014
2014-06-24,20140624,2014,Q2,6,June,Junio,2014-06,FALSO,FALSO,S1,FY2014
2014-06-25,20140625,2014,Q2,6,June,Junio,2014-06,FALSO,FALSO,S1,FY2014
2014-06-26,20140626,2014,Q2,6,June,Junio,2014-06,FALSO,FALSO,S1,FY2014
2014-06-27,20140627,2014,Q2,6,June,Junio,2014-06,FALSO,FALSO,S1,FY2014
2014-06-28,20140628,2014,Q2,6,June,Junio,2014-06,FALSO,FALSO,S1,FY2014
2014-06-29,20140629,2014,Q2,6,June,Junio,2014-06,FALSO,FALSO,S1,FY2014
2014-06-30,20140630,2014,Q2,6,June,Junio,2014-06,FALSO,VERDADERO,S1,FY2014
2014-07-01,20140701,2014,Q3,7,July,Julio,2014-07,VERDADERO,FALSO,S2,FY2014
2014-07-02,20140702,2014,Q3,7,July,Julio,2014-07,FALSO,FALSO,S2,FY2014
2014-07-03,20140703,2014,Q3,7,July,Julio,2014-07,FALSO,FALSO,S2,FY2014
2014-07-04,20140704,2014,Q3,7,July,Julio,2014-07,FALSO,FALSO,S2,FY2014
2014-07-05,20140705,2014,Q3,7,July,Julio,2014-07,FALSO,FALSO,S2,FY2014
2014-07-06,20140706,2014,Q3,7,July,Julio,2014-07,FALSO,FALSO,S2,FY2014
2014-07-07,20140707,2014,Q3,7,July,Julio,2014-07,FALSO,FALSO,S2,FY2014
2014-07-08,20140708,2014,Q3,7,July,Julio,2014-07,FALSO,FALSO,S2,FY2014
2014-07-09,20140709,2014,Q3,7,July,Julio,2014-07,FALSO,FALSO,S2,FY2014
2014-07-10,20140710,2014,Q3,7,July,Julio,2014-07,FALSO,FALSO,S2,FY2014
2014-07-11,20140711,2014,Q3,7,July,Julio,2014-07,FALSO,FALSO,S2,FY2014
2014-07-12,20140712,2014,Q3,7,July,Julio,2014-07,FALSO,FALSO,S2,FY2014
2014-07-13,20140713,2014,Q3,7,July,Julio,2014-07,FALSO,FALSO,S2,FY2014
2014-07-14,20140714,2014,Q3,7,July,Julio,2014-07,FALSO,FALSO,S2,FY2014
2014-07-15,20140715,2014,Q3,7,July,Julio,2014-07,FALSO,FALSO,S2,FY2014
2014-07-16,20140716,2014,Q3,7,July,Julio,2014-07,FALSO,FALSO,S2,FY2014
2014-07-17,20140717,2014,Q3,7,July,Julio,2014-07,FALSO,FALSO,S2,FY2014
2014-07-18,20140718,2014,Q3,7,July,Julio,2014-07,FALSO,FALSO,S2,FY2014
2014-07-19,20140719,2014,Q3,7,July,Julio,2014-07,FALSO,FALSO,S2,FY2014
2014-07-20,20140720,2014,Q3,7,July,Julio,2014-07,FALSO,FALSO,S2,FY2014
2014-07-21,20140721,2014,Q3,7,July,Julio,2014-07,FALSO,FALSO,S2,FY2014
2014-07-22,20140722,2014,Q3,7,July,Julio,2014-07,FALSO,FALSO,S2,FY2014
2014-07-23,20140723,2014,Q3,7,July,Julio,2014-07,FALSO,FALSO,S2,FY2014
2014-07-24,20140724,2014,Q3,7,July,Julio,2014-07,FALSO,FALSO,S2,FY2014
2014-07-25,20140725,2014,Q3,7,July,Julio,2014-07,FALSO,FALSO,S2,FY2014
2014-07-26,20140726,2014,Q3,7,July,Julio,2014-07,FALSO,FALSO,S2,FY2014
2014-07-27,20140727,2014,Q3,7,July,Julio,2014-07,FALSO,FALSO,S2,FY2014
2014-07-28,20140728,2014,Q3,7,July,Julio,2014-07,FALSO,FALSO,S2,FY2014
2014-07-29,20140729,2014,Q3,7,July,Julio,2014-07,FALSO,FALSO,S2,FY2014
2014-07-30,20140730,2014,Q3,7,July,Julio,2014-07,FALSO,FALSO,S2,FY2014
2014-07-31,20140731,2014,Q3,7,July,Julio,2014-07,FALSO,VERDADERO,S2,FY2014
2014-08-01,20140801,2014,Q3,8,August,Agosto,2014-08,VERDADERO,FALSO,S2,FY2014
2014-08-02,20140802,2014,Q3,8,August,Agosto,2014-08,FALSO,FALSO,S2,FY2014
2014-08-03,20140803,2014,Q3,8,August,Agosto,2014-08,FALSO,FALSO,S2,FY2014
2014-08-04,20140804,2014,Q3,8,August,Agosto,2014-08,FALSO,FALSO,S2,FY2014
2014-08-05,20140805,2014,Q3,8,August,Agosto,2014-08,FALSO,FALSO,S2,FY2014
2014-08-06,20140806,2014,Q3,8,August,Agosto,2014-08,FALSO,FALSO,S2,FY2014
2014-08-07,20140807,2014,Q3,8,August,Agosto,2014-08,FALSO,FALSO,S2,FY2014
2014-08-08,20140808,2014,Q3,8,August,Agosto,2014-08,FALSO,FALSO,S2,FY2014
2014-08-09,20140809,2014,Q3,8,August,Agosto,2014-08,FALSO,FALSO,S2,FY2014
2014-08-10,20140810,2014,Q3,8,August,Agosto,2014-08,FALSO,FALSO,S2,FY2014
2014-08-11,20140811,2014,Q3,8,August,Agosto,2014-08,FALSO,FALSO,S2,FY2014
2014-08-12,20140812,2014,Q3,8,August,Agosto,2014-08,FALSO,FALSO,S2,FY2014
2014-08-13,20140813,2014,Q3,8,August,Agosto,2014-08,FALSO,FALSO,S2,FY2014
2014-08-14,20140814,2014,Q3,8,August,Agosto,2014-08,FALSO,FALSO,S2,FY2014
2014-08-15,20140815,2014,Q3,8,August,Agosto,2014-08,FALSO,FALSO,S2,FY2014
2014-08-16,20140816,2014,Q3,8,August,Agosto,2014-08,FALSO,FALSO,S2,FY2014
2014-08-17,20140817,2014,Q3,8,August,Agosto,2014-08,FALSO,FALSO,S2,FY2014
2014-08-18,20140818,2014,Q3,8,August,Agosto,2014-08,FALSO,FALSO,S2,FY2014
2014-08-19,20140819,2014,Q3,8,August,Agosto,2014-08,FALSO,FALSO,S2,FY2014
2014-08-20,20140820,2014,Q3,8,August,Agosto,2014-08,FALSO,FALSO,S2,FY2014
2014-08-21,20140821,2014,Q3,8,August,Agosto,2014-08,FALSO,FALSO,S2,FY2014
2014-08-22,20140822,2014,Q3,8,August,Agosto,2014-08,FALSO,FALSO,S2,FY2014
2014-08-23,20140823,2014,Q3,8,August,Agosto,2014-08,FALSO,FALSO,S2,FY2014
2014-08-24,20140824,2014,Q3,8,August,Agosto,2014-08,FALSO,FALSO,S2,FY2014
2014-08-25,20140825,2014,Q3,8,August,Agosto,2014-08,FALSO,FALSO,S2,FY2014
2014-08-26,20140826,2014,Q3,8,August,Agosto,2014-08,FALSO,FALSO,S2,FY2014
2014-08-27,20140827,2014,Q3,8,August,Agosto,2014-08,FALSO,FALSO,S2,FY2014
2014-08-28,20140828,2014,Q3,8,August,Agosto,2014-08,FALSO,FALSO,S2,FY2014
2014-08-29,20140829,2014,Q3,8,August,Agosto,2014-08,FALSO,FALSO,S2,FY2014
2014-08-30,20140830,2014,Q3,8,August,Agosto,2014-08,FALSO,FALSO,S2,FY2014
2014-08-31,20140831,2014,Q3,8,August,Agosto,2014-08,FALSO,VERDADERO,S2,FY2014
2014-09-01,20140901,2014,Q3,9,September,Septiembre,2014-09,VERDADERO,FALSO,S2,FY2014
2014-09-02,20140902,2014,Q3,9,September,Septiembre,2014-09,FALSO,FALSO,S2,FY2014
2014-09-03,20140903,2014,Q3,9,September,Septiembre,2014-09,FALSO,FALSO,S2,FY2014
2014-09-04,20140904,2014,Q3,9,September,Septiembre,2014-09,FALSO,FALSO,S2,FY2014
2014-09-05,20140905,2014,Q3,9,September,Septiembre,2014-09,FALSO,FALSO,S2,FY2014
2014-09-06,20140906,2014,Q3,9,September,Septiembre,2014-09,FALSO,FALSO,S2,FY2014
2014-09-07,20140907,2014,Q3,9,September,Septiembre,2014-09,FALSO,FALSO,S2,FY2014
2014-09-08,20140908,2014,Q3,9,September,Septiembre,2014-09,FALSO,FALSO,S2,FY2014
2014-09-09,20140909,2014,Q3,9,September,Septiembre,2014-09,FALSO,FALSO,S2,FY2014
2014-09-10,20140910,2014,Q3,9,September,Septiembre,2014-09,FALSO,FALSO,S2,FY2014
2014-09-11,20140911,2014,Q3,9,September,Septiembre,2014-09,FALSO,FALSO,S2,FY2014
2014-09-12,20140912,2014,Q3,9,September,Septiembre,2014-09,FALSO,FALSO,S2,FY2014
2014-09-13,20140913,2014,Q3,9,September,Septiembre,2014-09,FALSO,FALSO,S2,FY2014
2014-09-14,20140914,2014,Q3,9,September,Septiembre,2014-09,FALSO,FALSO,S2,FY2014
2014-09-15,20140915,2014,Q3,9,September,Septiembre,2014-09,FALSO,FALSO,S2,FY2014
2014-09-16,20140916,2014,Q3,9,September,Septiembre,2014-09,FALSO,FALSO,S2,FY2014
2014-09-17,20140917,2014,Q3,9,September,Septiembre,2014-09,FALSO,FALSO,S2,FY2014
2014-09-18,20140918,2014,Q3,9,September,Septiembre,2014-09,FALSO,FALSO,S2,FY2014
2014-09-19,20140919,2014,Q3,9,September,Septiembre,2014-09,FALSO,FALSO,S2,FY2014
2014-09-20,20140920,2014,Q3,9,September,Septiembre,2014-09,FALSO,FALSO,S2,FY2014
2014-09-21,20140921,2014,Q3,9,September,Septiembre,2014-09,FALSO,FALSO,S2,FY2014
2014-09-22,20140922,2014,Q3,9,September,Septiembre,2014-09,FALSO,FALSO,S2,FY2014
2014-09-23,20140923,2014,Q3,9,September,Septiembre,2014-09,FALSO,FALSO,S2,FY2014
2014-09-24,20140924,2014,Q3,9,September,Septiembre,2014-09,FALSO,FALSO,S2,FY2014
2014-09-25,20140925,2014,Q3,9,September,Septiembre,2014-09,FALSO,FALSO,S2,FY2014
2014-09-26,20140926,2014,Q3,9,September,Septiembre,2014-09,FALSO,FALSO,S2,FY2014
2014-09-27,20140927,2014,Q3,9,September,Septiembre,2014-09,FALSO,FALSO,S2,FY2014
2014-09-28,20140928,2014,Q3,9,September,Septiembre,2014-09,FALSO,FALSO,S2,FY2014
2014-09-29,20140929,2014,Q3,9,September,Septiembre,2014-09,FALSO,FALSO,S2,FY2014
2014-09-30,20140930,2014,Q3,9,September,Septiembre,2014-09,FALSO,VERDADERO,S2,FY2014
2014-10-01,20141001,2014,Q4,10,October,Octubre,2014-10,VERDADERO,FALSO,S2,FY2014
2014-10-02,20141002,2014,Q4,10,October,Octubre,2014-10,FALSO,FALSO,S2,FY2014
2014-10-03,20141003,2014,Q4,10,October,Octubre,2014-10,FALSO,FALSO,S2,FY2014
2014-10-04,20141004,2014,Q4,10,October,Octubre,2014-10,FALSO,FALSO,S2,FY2014
2014-10-05,20141005,2014,Q4,10,October,Octubre,2014-10,FALSO,FALSO,S2,FY2014
2014-10-06,20141006,2014,Q4,10,October,Octubre,2014-10,FALSO,FALSO,S2,FY2014
2014-10-07,20141007,2014,Q4,10,October,Octubre,2014-10,FALSO,FALSO,S2,FY2014
2014-10-08,20141008,2014,Q4,10,October,Octubre,2014-10,FALSO,FALSO,S2,FY2014
2014-10-09,20141009,2014,Q4,10,October,Octubre,2014-10,FALSO,FALSO,S2,FY2014
2014-10-10,20141010,2014,Q4,10,October,Octubre,2014-10,FALSO,FALSO,S2,FY2014
2014-10-11,20141011,2014,Q4,10,October,Octubre,2014-10,FALSO,FALSO,S2,FY2014
2014-10-12,20141012,2014,Q4,10,October,Octubre,2014-10,FALSO,FALSO,S2,FY2014
2014-10-13,20141013,2014,Q4,10,October,Octubre,2014-10,FALSO,FALSO,S2,FY2014
2014-10-14,20141014,2014,Q4,10,October,Octubre,2014-10,FALSO,FALSO,S2,FY2014
2014-10-15,20141015,2014,Q4,10,October,Octubre,2014-10,FALSO,FALSO,S2,FY2014
2014-10-16,20141016,2014,Q4,10,October,Octubre,2014-10,FALSO,FALSO,S2,FY2014
2014-10-17,20141017,2014,Q4,10,October,Octubre,2014-10,FALSO,FALSO,S2,FY2014
2014-10-18,20141018,2014,Q4,10,October,Octubre,2014-10,FALSO,FALSO,S2,FY2014
2014-10-19,20141019,2014,Q4,10,October,Octubre,2014-10,FALSO,FALSO,S2,FY2014
2014-10-20,20141020,2014,Q4,10,October,Octubre,2014-10,FALSO,FALSO,S2,FY2014
2014-10-21,20141021,2014,Q4,10,October,Octubre,2014-10,FALSO,FALSO,S2,FY2014
2014-10-22,20141022,2014,Q4,10,October,Octubre,2014-10,FALSO,FALSO,S2,FY2014
2014-10-23,20141023,2014,Q4,10,October,Octubre,2014-10,FALSO,FALSO,S2,FY2014
2014-10-24,20141024,2014,Q4,10,October,Octubre,2014-10,FALSO,FALSO,S2,FY2014
2014-10-25,20141025,2014,Q4,10,October,Octubre,2014-10,FALSO,FALSO,S2,FY2014
2014-10-26,20141026,2014,Q4,10,October,Octubre,2014-10,FALSO,FALSO,S2,FY2014
2014-10-27,20141027,2014,Q4,10,October,Octubre,2014-10,FALSO,FALSO,S2,FY2014
2014-10-28,20141028,2014,Q4,10,October,Octubre,2014-10,FALSO,FALSO,S2,FY2014
2014-10-29,20141029,2014,Q4,10,October,Octubre,2014-10,FALSO,FALSO,S2,FY2014
2014-10-30,20141030,2014,Q4,10,October,Octubre,2014-10,FALSO,FALSO,S2,FY2014
2014-10-31,20141031,2014,Q4,10,October,Octubre,2014-10,FALSO,VERDADERO,S2,FY2014
2014-11-01,20141101,2014,Q4,11,November,Noviembre,2014-11,VERDADERO,FALSO,S2,FY2014
2014-11-02,20141102,2014,Q4,11,November,Noviembre,2014-11,FALSO,FALSO,S2,FY2014
2014-11-03,20141103,2014,Q4,11,November,Noviembre,2014-11,FALSO,FALSO,S2,FY2014
2014-11-04,20141104,2014,Q4,11,November,Noviembre,2014-11,FALSO,FALSO,S2,FY2014
2014-11-05,20141105,2014,Q4,11,November,Noviembre,2014-11,FALSO,FALSO,S2,FY2014
2014-11-06,20141106,2014,Q4,11,November,Noviembre,2014-11,FALSO,FALSO,S2,FY2014
2014-11-07,20141107,2014,Q4,11,November,Noviembre,2014-11,FALSO,FALSO,S2,FY2014
2014-11-08,20141108,2014,Q4,11,November,Noviembre,2014-11,FALSO,FALSO,S2,FY2014
2014-11-09,20141109,2014,Q4,11,November,Noviembre,2014-11,FALSO,FALSO,S2,FY2014
2014-11-10,20141110,2014,Q4,11,November,Noviembre,2014-11,FALSO,FALSO,S2,FY2014
2014-11-11,20141111,2014,Q4,11,November,Noviembre,2014-11,FALSO,FALSO,S2,FY2014
2014-11-12,20141112,2014,Q4,11,November,Noviembre,2014-11,FALSO,FALSO,S2,FY2014
2014-11-13,20141113,2014,Q4,11,November,Noviembre,2014-11,FALSO,FALSO,S2,FY2014
2014-11-14,20141114,2014,Q4,11,November,Noviembre,2014-11,FALSO,FALSO,S2,FY2014
2014-11-15,20141115,2014,Q4,11,November,Noviembre,2014-11,FALSO,FALSO,S2,FY2014
2014-11-16,20141116,2014,Q4,11,November,Noviembre,2014-11,FALSO,FALSO,S2,FY2014
2014-11-17,20141117,2014,Q4,11,November,Noviembre,2014-11,FALSO,FALSO,S2,FY2014
2014-11-18,20141118,2014,Q4,11,November,Noviembre,2014-11,FALSO,FALSO,S2,FY2014
2014-11-19,20141119,2014,Q4,11,November,Noviembre,2014-11,FALSO,FALSO,S2,FY2014
2014-11-20,20141120,2014,Q4,11,November,Noviembre,2014-11,FALSO,FALSO,S2,FY2014
2014-11-21,20141121,2014,Q4,11,November,Noviembre,2014-11,FALSO,FALSO,S2,FY2014
2014-11-22,20141122,2014,Q4,11,November,Noviembre,2014-11,FALSO,FALSO,S2,FY2014
2014-11-23,20141123,2014,Q4,11,November,Noviembre,2014-11,FALSO,FALSO,S2,FY2014
2014-11-24,20141124,2014,Q4,11,November,Noviembre,2014-11,FALSO,FALSO,S2,FY2014
2014-11-25,20141125,2014,Q4,11,November,Noviembre,2014-11,FALSO,FALSO,S2,FY2014
2014-11-26,20141126,2014,Q4,11,November,Noviembre,2014-11,FALSO,FALSO,S2,FY2014
2014-11-27,20141127,2014,Q4,11,November,Noviembre,2014-11,FALSO,FALSO,S2,FY2014
2014-11-28,20141128,2014,Q4,11,November,Noviembre,2014-11,FALSO,FALSO,S2,FY2014
2014-11-29,20141129,2014,Q4,11,November,Noviembre,2014-11,FALSO,FALSO,S2,FY2014
2014-11-30,20141130,2014,Q4,11,November,Noviembre,2014-11,FALSO,VERDADERO,S2,FY2014
2014-12-01,20141201,2014,Q4,12,December,Diciembre,2014-12,VERDADERO,FALSO,S2,FY2014
